{
  "name": "angular",
  "version": "1.6.2-build.5221+sha.4082fb0",
  "license": "MIT",
  "main": "./angular.js",
  "ignore": [],
  "dependencies": {},
  "homepage": "https://github.com/angular/bower-angular",
  "_release": "1.6.2-build.5221+sha.4082fb0",
  "_resolution": {
    "type": "version",
    "tag": "v1.6.2-build.5221+sha.4082fb0",
    "commit": "c1547616c6ebff877d9229aa9e089ee16fd12264"
  },
  "_source": "https://github.com/angular/bower-angular.git",
  "_target": "1.6.2-build.5221+sha.4082fb0",
  "_originalSource": "angular"
}